English,German
the,Die
I,ICH
and,Und
to,Zu
you,Du
a,A
of,von
my,Mein
in,In
that,Das
me,Mich
it,Es
is,Ist
but,Aber
for,für
your,dein
with,mit
be,Sei
so,Also
was,War
her,ihr
as,als
on,An
all,alle
she,sie
not,nicht
he,Er
this,Das
we,Wir
like,wie
are,Sind
have,haben
just,Nur
love,Liebe
what,Was
one,eins
I'm,Ich bin
know,wissen
no,NEIN
when,Wann
his,sein
at,bei
they,Sie
from,aus
will,Wille
do,Tun
never,niemals
don't,nicht
can,dürfen
up,hoch
want,wollen
see,sehen
go,gehen
time,Zeit
now,Jetzt
out,aus
if,Wenn
feel,fühlen
or,oder
by,von
there,Dort
life,Leben
it's,es ist
make,machen
how,Wie
would,würde
look,sehen
eye,Auge
because,Weil
could,könnte
say,sagen
day,Tag
who,WHO
get,erhalten
had,hatte
were,war
down,runter
only,nur
our,unser
think,denken
heart,Herz
back,zurück
then,Dann
into,hinein
am,Bin
come,kommen
about,um
him,ihn
more,mehr
away,weg
can't,kippen
still,Trotzdem
their,ihre
way,Weg
an,ein
them,ihnen
why,Warum
take,nehmen
thing,Ding
even,sogar
through,durch
long,lang
let,lassen
us,uns
always,stets
you're,du bist
world,Welt
too,zu
friend,Freund
tell,erzählen
I'll,Krank
try,versuchen
hand,Hand
has,hat
face,Gesicht
did,tat
thought,Gedanke
over,über
here,Hier
word,Wort
other,andere
where,Wo
every,jeden
need,brauchen
smile,lächeln
again,wieder
much,viel
cry,weinen
been,gewesen
night,Nacht
its,es ist
ever,immer
little,wenig
said,sagte
end,Ende
some,manche
than,als
live,live
fall,fallen
those,diese
pain,Schmerz
around,um
mind,Geist
people,Menschen
girl,Mädchen
leave,verlassen
dream,Traum
left,links
turn,drehen
myself,ich selbst
right,Rechts
tear,Träne
head,Kopf
give,geben
nothing,Nichts
really,Wirklich
off,aus
before,Vor
something,etwas
find,finden
hold,halten
man,Mann
walk,gehen
wish,Wunsch
good,Gut
once,einmal
I've,Ich habe
place,Ort
light,Licht
call,Anruf
ask,fragen
lie,Lüge
stop,stoppen
that's,das ist
hear,hören
keep,halten
watch,betrachten
seem,erscheinen
year,Jahr
sit,sitzen
die,sterben
everything,alles
without,ohne
though,obwohl
lost,verloren
these,diese
wait,Warten
got,bekommen
care,Pflege
yet,noch
made,gemacht
remember,erinnern
start,Start
alone,allein
which,welche
last,zuletzt
run,laufen
didn't,nicht
hope,Hoffnung
maybe,Vielleicht
believe,glauben
body,Körper
hate,hassen
after,nach
until,bis
close,schließen
talk,sprechen
hard,hart
stand,Stand
old,alt
own,eigen
each,jede
well,Also
hurt,verletzt
while,während
help,helfen
home,heim
god,Gott
soul,Seele
new,neu
many,viele
two,zwei
oh,Oh
told,erzählt
won't,Gewohnheit
inside,innen
I'd,Ausweis
should,sollen
TRUE,WAHR
move,bewegen
first,Erste
fear,Furcht
mean,bedeuten
better,besser
may,Mai
play,spielen
another,ein anderer
gone,gegangen
change,ändern
use,verwenden
wonder,Wunder
knew,wusste
same,Dasselbe
someone,jemand
hair,Haar
cold,kalt
open,offen
best,am besten
any,beliebig
behind,hinter
miss,vermissen
arm,Arm
happen,passieren
star,Stern
water,Wasser
dark,dunkel
laugh,lachen
stay,bleiben
forever,für immer
name,Name
she's,sie ist
work,arbeiten
show,zeigen
there's,Es gibt
sky,Himmel
break,brechen
far,weit
came,kam
deep,tief
door,Tür
put,setzen
room,Zimmer
black,Schwarz
together,zusammen
upon,auf
boy,Junge
happy,Glücklich
such,solch
great,Großartig
white,Weiß
doesn't,nicht
you'll,du wirst
does,tut
matter,Gegenstand
side,Seite
fill,füllen
past,Vergangenheit
fight,kämpfen
sun,Sonne
please,Bitte
burn,brennen
cause,Ursache
enough,genug
touch,berühren
cannot,kann nicht
moment,Moment
soon,bald
voice,Stimme
you've,Du hast
scream,Schrei
anything,irgendetwas
stare,starren
he's,er ist
most,am meisten
sound,Klang
red,Rot
everyone,alle
fuck,Scheiße
hide,verstecken
kiss,Kuss
truth,Wahrheit
death,Tod
beautiful,Schön
mine,meins
blood,Blut
broken,gebrochen
very,sehr
pass,passieren
next,nächste
forget,vergessen
tree,Baum
wrong,falsch
air,Luft
mother,Mutter
must,muss
done,Erledigt
found,gefunden
understand,verstehen
lip,Lippe
hit,Schlag
wall,Wand
couldn't,konnte nicht
else,anders
beat,schlagen
memory,Erinnerung
saw,gesehen
wind,Wind
sleep,schlafen
free,frei
high,hoch
realize,realisieren
school,Schule
bad,schlecht
late,spät
went,ging
felt,gefühlt
might,könnte
skin,Haut
sweet,süß
perfect,perfekt
blue,Blau
kill,töten
breath,Atem
dance,tanzen
rain,Regen
dead,tot
against,gegen
fly,Fliege
between,zwischen
grow,wachsen
strong,stark
car,Auto
took,nahm
under,unter
listen,Hören
bring,bringen
full,voll
sometimes,Manchmal
speak,sprechen
big,groß
pull,ziehen
person,Person
become,werden
family,Familie
part,Teil
begin,beginnen
ground,Boden
real,real
small,klein
father,Vater
sure,Sicher
hell,Hölle
kind,Art
bed,Bett
feet,Füße
rest,ausruhen
young,jung
finally,Endlich
land,Land
across,über
today,Heute
seen,gesehen
different,anders
guy,Kerl
line,Linie
fire,Feuer
reason,Grund
isn't,nicht
lay,legen
reach,erreichen
we're,war
second,zweite
wouldn't,würde nicht
slowly,langsam
write,schreiben
ear,Ohr
eat,essen
sing,singen
smell,Geruch
mouth,Mund
step,Schritt
learn,lernen
three,drei
gave,gab
set,Satz
floor,Boden
promise,versprechen
breathe,atmen
darkness,Dunkelheit
push,drücken
earth,Erde
guess,erraten
save,speichern
song,Lied
till,bis
above,über
along,entlang
both,beide
what's,Was ist
color,Farbe
house,Haus
almost,fast
sorry,Entschuldigung
anymore,mehr
yes,Ja
brother,Bruder
okay,Okay
dear,Liebling
game,Spiel
fade,verblassen
already,bereits
apart,auseinander
warm,warm
beauty,Schönheit
heard,gehört
notice,beachten
question,Frage
shine,scheinen
began,begann
piece,Stück
whole,ganz
shadow,Schatten
secret,Geheimnis
street,Straße
within,innerhalb
finger,Finger
point,Punkt
morning,Morgen
whisper,flüstern
child,Kind
fun,Spaß
moon,Mond
green,Grün
read,lesen
story,Geschichte
wasn't,war nicht
glass,Glas
kid,Kind
lose,verlieren
silence,Schweigen
pick,wählen
cut,schneiden
fast,schnell
since,seit
soft,weich
yourself,selbst
empty,leer
shall,soll
angel,Engel
answer,Antwort
baby,Baby
bright,hell
dad,Papa
path,Weg
worry,Sorge
hour,Stunde
drop,fallen
fell,fällen
you'd,du würdest
follow,folgen
power,Leistung
war,Krieg
half,Hälfte
flow,fließen
heaven,Himmel
wake,aufwachen
act,Akt
chance,Chance
fact,Tatsache
least,am wenigsten
tired,müde
children,Kinder
near,nahe
quite,ganz
scare,Schrecken
afraid,besorgt
rise,erheben
sea,Meer
taste,schmecken
window,Fenster
cover,Abdeckung
nice,Hübsch
trust,Vertrauen
lot,viel
sad,traurig
cool,Cool
force,Gewalt
peace,Frieden
return,zurückkehren
wear,tragen
blind,blind
easy,einfach
ready,bereit
roll,rollen
rose,Rose
shit,Scheisse
drive,fahren
held,gehaltenen
music,Musik
share,Aktie
beneath,darunter
hang,aufhängen
mom,Mama
paint,malen
emotion,Emotion
quiet,ruhig
slow,langsam
we'll,Also
clear,klar
cloud,Wolke
few,wenige
pretty,hübsch
bird,Vogel
outside,draußen
paper,Papier
picture,Bild
front,Vorderseite
rock,Felsen
simple,einfach
top,Spitze
anyone,irgendjemand
meant,gemeint
reality,Wirklichkeit
road,Straße
sense,Sinn
waste,Abfall
bit,bisschen
leaf,Blatt
thank,Dank
happiness,Glück
meet,treffen
men,Männer
smoke,Rauch
truly,wirklich
decide,entscheiden
self,selbst
age,Alter
book,Buch
form,bilden
hot,heiß
alive,lebendig
carry,tragen
met,getroffen
escape,Flucht
damn,Verdammt
instead,stattdessen
shake,Shake
able,fähig
ice,Eis
minute,Minute
throw,werfen
catch,fangen
four,vier
leg,Bein
ring,Ring
ago,vor
course,Kurs
goodbye,Verabschiedung
lead,führen
poem,Gedicht
sick,krank
corner,Ecke
desire,Wunsch
fine,Bußgeld
gonna,wird
known,bekannt
problem,Problem
ran,rannte
remind,erinnern
shoulder,Schulter
suppose,vermuten
they're,Sie sind
toward,zu
wave,Welle
drink,trinken
jump,springen
woman,Frau
pretend,vorgeben
sister,Schwester
week,Woche
human,menschlich
joy,Freude
crack,Riss
dare,Wagen
grey,grau
pray,beten
surprise,Überraschung
dry,trocken
knee,Knie
less,weniger
ride,Fahrt
search,suchen
short,kurz
bleed,bluten
caught,erwischt
clean,sauber
embrace,umarmen
future,Zukunft
king,König
son,Sohn
sorrow,Kummer
chest,Brust
hug,Umarmung
remain,bleiben
sat,Sa
wing,Flügel
worth,Wert
blow,Schlag
daddy,Vati
final,Finale
parent,Elternteil
tight,eng
also,Auch
create,erstellen
lonely,einsam
onto,auf zu
safe,sicher
aren't,nicht
cross,kreuzen
dress,Kleid
evil,teuflisch
silent,still
bone,Knochen
brought,gebracht
fate,Schicksal
perhaps,vielleicht
anger,Wut
class,Klasse
scar,Narbe
sight,Sicht
snow,Schnee
tiny,winzig
tonight,heute Abend
wanna,will
continue,weitermachen
control,Kontrolle
dog,Hund
edge,Rand
fool,Narr
mirror,Spiegel
month,Monat
suddenly,plötzlich
comfort,Komfort
given,gegeben
loud,laut
quickly,schnell
gaze,Blick
plan,planen
rush,eilen
slip,Unterhose
stone,Stein
town,Stadt
ass,Arsch
battle,Schlacht
ignore,ignorieren
spirit,Geist
stood,stand
stupid,dumm
yours,dein
brown,braun
build,bauen
dust,Staub
food,Essen
hey,Hey
kept,gehalten
pay,zahlen
phone,Telefon
twist,Twist
although,Obwohl
ball,Ball
beyond,darüber hinaus
drown,ertrinken
fit,fit
hidden,versteckt
nose,Nase
taken,genommen
fail,scheitern
float,schweben
lock,sperren
pure,rein
sand,Sand
somehow,irgendwie
wash,waschen
wrap,wickeln
angry,wütend
cheek,Wange
creature,Kreatur
forgotten,Vergessene
heat,Hitze
hole,Loch
rip,Ruhe in Frieden
single,einzel
space,Raum
special,besonders
weak,schwach
whatever,was auch immer
yell,Schrei
anyway,Trotzdem
blame,beschuldigen
job,Arbeit
choose,wählen
country,Land
curse,Fluch
drift,Drift
echo,Echo
figure,Figur
gold,Gold
golden,golden
grew,wuchs
herself,Sie selber
laughter,Lachen
neck,Nacken
suffer,leiden
worse,schlechter
yeah,Ja
bear,tragen
disappear,verschwinden
foot,Fuß
forward,nach vorne
knife,Messer
mess,Durcheinander
nor,noch
race,Wettrennen
somewhere,irgendwo
stomach,Magen
storm,Sturm
beg,bitten
idea,Idee
lift,Aufzug
offer,Angebot
she'll,Hülse
tall,groß
breeze,Brise
field,Feld
five,fünf
often,oft
round,runden
simply,einfach
stuck,gesteckt
thin,dünn
win,gewinnen
allow,erlauben
confuse,verwechseln
enjoy,genießen
except,außer
flower,Blume
seek,suchen
strength,Stärke
calm,ruhig
grin,Grinsen
gun,Pistole
heavy,schwer
hill,hügel
himself,sich selbst
large,groß
ocean,Ozean
shoe,Schuh
sigh,seufzen
straight,gerade
summer,Sommer
tongue,Zunge
accept,akzeptieren
crazy,verrückt
everyday,täglich
exist,existieren
fake,gefälscht
grass,Gras
mistake,Fehler
sent,gesendet
shut,schließen
sin,Sünde
surround,umgeben
table,Tisch
ache,schmerzen
brain,Gehirn
destroy,zerstören
heal,heilen
nature,Natur
shout,schreien
sign,Zeichen
stain,Fleck
choice,Auswahl
doubt,zweifeln
glance,Blick
glow,glühen
mountain,Berg
queen,Königin
send,schicken
shot,Schuss
spent,ausgegeben
stranger,Fremder
throat,Kehle
tomorrow,morgen
city,Stadt
either,entweder
fish,Fisch
flame,Flamme
mad,verrückt
rather,eher
shape,Form
spin,drehen
spread,verbreiten
wide,breit
ash,Asche
distance,Distanz
fallen,gefallen
finish,beenden
image,Bild
imagine,vorstellen
important,wichtig
nobody,niemand
none,keiner
shatter,zerschmettern
warmth,Wärme
became,wurde
below,unten
bore,Bohrung
fat,fett
feed,füttern
flesh,Fleisch
funny,lustig
lust,Lust
shirt,Hemd
trouble,Problem
yellow,Gelb
attention,Aufmerksamkeit
bare,nackt
bite,beißen
cat,Katze
lack,Mangel
money,Geld
protect,schützen
we've,wir haben
ain't,Ich bin nicht
amaze,überraschen
appear,erscheinen
born,geboren
choke,Drossel
completely,vollständig
daughter,Tochter
fresh,frisch
friendship,Freundschaft
gentle,sanft
probably,wahrscheinlich
six,sechs
trap,fangen
beast,Tier
deserve,verdienen
expect,erwarten
grab,greifen
haven't,nicht
middle,Mitte
nightmare,Alptraum
river,Fluss
thousand,tausend
weight,Gewicht
worst,am schlimmsten
wound,Wunde
barely,kaum
bottle,Flasche
cream,Creme
lover,Liebhaber
low,niedrig
mile,Meile
regret,Reue
relationship,Beziehung
stick,Stock
test,prüfen
whose,wessen
crush,zerquetschen
endless,endlos
fault,Fehler
itself,selbst
rage,Wut
rule,Regel
spill,verschütten
art,Kunst
circle,Kreis
join,verbinden
kick,trete
mask,Maske
master,Meister
passion,Hingabe
quick,schnell
raise,erheben
smooth,glatt
unless,es sei denn
wander,wandern
actually,Genau genommen
broke,Pleite
chair,Stuhl
deal,handeln
favorite,Favorit
gift,Geschenk
note,Notiz
number,Nummer
shed,Baracke
suck,saugen
sweat,Schweiß
tale,Geschichte
bitch,Hündin
box,Kasten
chill,kühlen
clothes,Kleidung
hall,Saal
lady,Dame
mark,markieren
park,Park
poor,arm
sadness,Traurigkeit
tie,binden
animal,Tier
belong,gehören
brush,Bürste
consume,verbrauchen
dawn,Dämmerung
forest,Wald
grave,Grab
he'll,Hölle
innocent,unschuldig
pen,Stift
pride,Stolz
stream,Strom
thick,dick
weren't,war nicht
clay,Ton
complete,vollständig
count,zählen
draw,ziehen
faith,Glaube
he'd,er würde
let's,Lasst uns
press,Drücken Sie
silver,Silber
struggle,Kampf
surface,Oberfläche
taught,gelehrt
teach,unterrichten
wet,nass
bless,segnen
chase,Verfolgungsjagd
climb,steigen
enter,eingeben
letter,Brief
melt,schmelzen
metal,Metall
movie,Film
stretch,strecken
swing,schwingen
ten,zehn
vision,Vision
wife,Gattin
beside,neben
crash,Absturz
forgot,vergessen
guide,Führung
haunt,verfolgen
joke,Witz
knock,klopfen
plant,Anlage
pour,gießen
prove,beweisen
reveal,aufdecken
steal,stehlen
stuff,Sachen
trip,Reise
wood,Holz
wrist,Handgelenk
bother,sich kümmern
bottom,unten
crawl,kriechen
crowd,Menge
fix,Fix
forgive,verzeihen
frown,Stirnrunzeln
grace,Anmut
loose,lose
lucky,glücklich
party,Party
release,freigeben
seat,Sitz
surely,sicherlich
survive,überleben
teacher,Lehrer
gently,sanft
grip,Griff
speed,Geschwindigkeit
suicide,Selbstmord
travel,reisen
treat,behandeln
vein,Vene
written,geschrieben
cage,Käfig
chain,Kette
conversation,Gespräch
date,Datum
enemy,Feind
fair,gerecht
however,Jedoch
interest,Interesse
million,Million
page,Seite
pink,Rosa
proud,stolz
she'd,Baracke
sway,schwanken
themselves,sich
track,Schiene
who's,wer ist
winter,Winter
church,Kirche
cruel,grausam
cup,Tasse
demon,Dämon
experience,Erfahrung
freedom,Freiheit
pair,Paar
pop,Pop
purpose,Zweck
respect,respektieren
shoot,schießen
softly,leise
state,Zustand
store,speichern
strange,seltsam
toy,Spielzeug
bar,Bar
beach,Strand
birth,Geburt
curl,Locken
dirt,Schmutz
excuse,Entschuldigung
hat,Hut
lake,See
lord,Herr
lovely,schön
monster,Monster
order,Befehl
pack,Pack
pants,Hose
pool,Schwimmbad
scene,Szene
seven,Sieben
shame,Scham
shouldn't,sollte nicht
slide,gleiten
ugly,hässlich
whom,dem
among,unter
blade,Klinge
blonde,blond
closet,Kleiderschrank
creek,Bach
deny,leugnen
drug,Arzneimittel
eternity,Ewigkeit
gain,gewinnen
grade,Grad
handle,handhaben
key,Schlüssel
linger,verweilen
pale,blass
prepare,vorbereiten
swallow,schlucken
swim,schwimmen
torn,zerrissen
tremble,zittern
wheel,Rad
won,gewonnen
cast,gießen
cigarette,Zigarette
claim,beanspruchen
college,Hochschule
direction,Richtung
dirty,schmutzig
gather,versammeln
ghost,Geist
hundred,hundert
loss,Verlust
lung,Lunge
orange,orange
present,gegenwärtig
swear,schwören
swirl,Strudel
twice,zweimal
wild,wild
bitter,bitter
blanket,Decke
case,Fall
doctor,Arzt
everywhere,überall
flash,Blitz
grown,gewachsen
knowledge,Wissen
numb,betäuben
pressure,Druck
radio,Radio
repeat,wiederholen
ruin,Ruine
spend,ausgeben
unknown,Unbekannt
buy,kaufen
clock,Uhr
devil,Teufel
early,früh
FALSE,FALSCH
fantasy,Fantasie
pound,Pfund
precious,wertvoll
refuse,verweigern
sheet,Blatt
shell,Hülse
spoke,gesprochen
teeth,Zähne
welcome,Willkommen
add,hinzufügen
ahead,voraus
block,Block
bury,begraben
caress,streicheln
content,Inhalt
depth,Tiefe
despite,trotz
distant,entfernt
marry,heiraten
purple,lila
they'll,sie werden
threw,warf
thus,daher
tone,Ton
whenever,Wann immer
bomb,Bombe
dull,langweilig
easily,leicht
grasp,fassen
hospital,Krankenhaus
innocence,Unschuld
normal,normal
receive,erhalten
reply,Antwort
rhyme,Reim
shade,Schatten
someday,irgendwann mal
sword,Schwert
toe,Zehe
visit,besuchen
asleep,schlafend
bell,Glocke
bought,gekauft
center,Center
consider,halten
flat,Wohnung
hero,Held
history,Geschichte
ink,Tinte
insane,verrückt
muscle,Muskel
mystery,Geheimnis
pocket,Tasche
reflection,Betrachtung
shove,schieben
silently,schweigend
smart,schlau
soldier,Soldat
spot,Stelle
stress,Stress
train,Zug
type,Typ
view,Sicht
whether,ob
bus,Bus
energy,Energie
explain,erklären
holy,heilig
hunger,Hunger
inch,Zoll
it'll,es wird
lean,mager
magic,Magie
mix,mischen
noise,Lärm
nowhere,nirgends
prayer,Gebet
presence,Gegenwart
shock,Schock
snap,Schnappnahme
spider,Spinne
study,Studie
thunder,Donner
trail,Pfad
admit,zugeben
agree,zustimmen
bag,Tasche
bang,Knall
bound,gebunden
butterfly,Schmetterling
Christmas,Weihnachten
cute,Niedlich
exactly,genau
explode,explodieren
familiar,vertraut
flew,geflogen
fold,falten
further,weiter
lit,zündete
pierce,Pierce
reflect,reflektieren
scent,Duft
selfish,egoistisch
sell,verkaufen
sex,Sex
sharp,scharf
sink,Waschbecken
spring,Frühling
stumble,stolpern
universe,Universum
we'd,heiraten
weep,weinen
women,Frauen
wonderful,wunderbar
action,Aktion
ancient,uralt
attempt,versuchen
avoid,vermeiden
birthday,Geburtstag
branch,Zweig
chocolate,Schokolade
core,Kern
depress,deprimieren
drunk,betrunken
especially,besonders
focus,Fokus
fruit,Obst
honest,ehrlich
match,übereinstimmen
Mr.,Herr.
palm,Palme
perfectly,perfekt
pillow,Kissen
piss,Piss
pity,Mitleid
poison,Gift
roar,brüllen
shift,Schicht
slightly,leicht
thump,Schlag
truck,LKW
tune,Melodie
twenty,zwanzig
unable,unfähig
wipe,wischen
wrote,schrieb
American,amerikanisch
bow,Bogen
coat,Mantel
constant,Konstante
dinner,Abendessen
drove,Gefahren
egg,Ei
eternal,ewig
flight,Flug
flood,Flut
frame,rahmen
freak,Freak
gasp,keuchen
glad,froh
hollow,hohl
motion,Bewegung
peer,Peer
plastic,Plastik
root,Wurzel
screen,Bildschirm
season,Jahreszeit
sting,Stachel
strike,schlagen
team,Team
unlike,nicht wie
victim,Opfer
volume,Volumen
warn,warnen
weird,seltsam
attack,Attacke
await,erwarten
awake,wach
built,gebaut
charm,Charme
crave,sich sehnen
despair,verzweifeln
fought,gekämpft
grant,gewähren
grief,Kummer
horse,Pferd
limit,Grenze
message,Nachricht
ripple,Ripple
sanity,Vernunft
scatter,streuen
serve,Aufschlag
split,Teilt
string,Saite
trick,Trick
whore,Hure
annoy,belästigen
blur,verwischen
boat,Boot
brave,mutig
clearly,deutlich
cling,haften
connect,verbinden
fist,Faust
forth,weiter
ha,Ha
hip,Hüfte
imagination,Vorstellung
iron,Eisen
jock,Jock
judge,Richter
lesson,Lektion
milk,Milch
misery,Elend
nail,Nagel
naked,nackt
ourselves,uns selbst
poet,Dichter
possible,möglich
princess,Prinzessin
sail,Segel
seed,Samen
size,Größe
snake,Schlange
society,Gesellschaft
stroke,Schlaganfall
tip,Tipp
torture,Folter
toss,werfen
trace,verfolgen
wise,weise
bloom,blühen
bullet,Kugel
cell,Zelle
check,überprüfen
cost,kosten
darling,Schatz
during,während
footstep,Schritt
fragile,zerbrechlich
hallway,Flur
hardly,kaum
horizon,Horizont
invisible,unsichtbar
journey,Reise
midnight,Mitternacht
mood,Stimmung
mud,Dreck
nod,nicken
pause,Pause
relax,entspannen
shiver,Schauer
sudden,plötzlich
thee,dich
value,Wert
youth,Jugend
abuse,Missbrauch
admire,bewundern
blink,blinken
breast,Brust
bruise,Prellung
constantly,ständig
couple,Paar
creep,kriechen
curve,Kurve
difference,Unterschied
dumb,dumm
emptiness,Leere
gotta,muss
honor,Ehre
plain,schmucklos
planet,Planet
recall,abrufen
rub,reiben
ship,Schiff
slam,zuschlagen
soar,steigen
somebody,jemand
spit,Spucke
tightly,dicht
TV,Fernseher
weather,Wetter
adore,verehren
approach,Ansatz
bond,Bindung
bread,brot
burst,platzen
candle,Kerze
cave,Höhle
coffee,Kaffee
cousin,Cousin
crime,Verbrechen
desert,Wüste
flutter,flattern
frozen,gefroren
grand,Grand
hadn't,hatte nicht
heel,Hacke
hello,Hallo
language,Sprache
level,Ebene
luck,Glück
movement,Bewegung
pleasure,Vergnügen
powerful,kraftvoll
random,zufällig
rhythm,Rhythmus
settle,siedeln
silly,dumm
slap,schlagen
sort,Sortieren
spoken,gesprochen
steel,Stahl
tail,Schwanz
threaten,drohen
tumble,Sturz
upset,verärgern
aside,beiseite
awkward,unangenehm
bee,Biene
bend,biegen
blank,leer
board,Planke
button,Taste
card,Karte
carefully,sorgfältig
complain,beschweren
crap,Mist
crown,Krone
deeply,tief
discover,entdecken
dive,tauchen
drag,ziehen
dread,Furcht
effort,Bemühung
entire,gesamte
fairy,Fee
giant,Riese
gotten,bekommen
greet,grüßen
illusion,Illusion
jeans,Jeans
leap,Sprung
liquid,flüssig
march,Marsch
mend,heilen
nervous,nervös
nine,neun
pace,Tempo
replace,ersetzen
rope,Seil
spine,Wirbelsäule
stole,Stahl
terror,Terror
accident,Unfall
apple,Apfel
balance,Gleichgewicht
bet,Wette
boom,Boom
childhood,Kindheit
collect,sammeln
cook,kochen
demand,Nachfrage
depression,Depression
eight,acht
eventually,letztlich
faint,schwach
gate,Tor
glare,Blendung
goal,Ziel
group,Gruppe
honey,Honig
kitchen,Küche
laid,gelegt
limb,Glied
machine,Maschine
mere,bloß
mold,Schimmel
murder,Mord
nerve,Nerv
painful,schmerzlich
pin,Stift
poetry,Poesie
prince,Prinz
rabbit,Kaninchen
sake,willen
seal,Siegel
seep,sickern
shelter,Unterschlupf
shop,Geschäft
shore,Ufer
shower,Dusche
soothe,beruhigen
stair,Treppe
steady,stetig
sunlight,Sonnenlicht
tangle,Gewirr
tease,necken
treasure,Schatz
uncle,Onkel
wine,Wein
begun,begonnen
bliss,Wonne
bush,Busch
canvas,Leinwand
cheer,jubeln
claw,Klaue
clutch,Kupplung
commit,begehen
crimson,Purpurer
crystal,Kristall
cure,Heilung
delight,Freude
dip,tauchen
doll,Puppe
ease,Leichtigkeit
existence,Existenz
express,äußern
fog,Nebel
football,Fußball
gay,Fröhlich
goose,Gans
guard,bewachen
hatred,Hass
illuminate,erleuchten
mass,Masse
math,Mathematik
mourn,trauern
pot,Topf
ray,Strahl
rich,reich
rough,rauh
skip,überspringen
stir,Aufsehen
student,Student
style,Stil
support,Unterstützung
thorn,Dorn
tick,Tick
tough,hart
wore,trug
yard,Hof
yearn,sich sehnen
yesterday,gestern
advice,Beratung
appreciate,anerkennen
autumn,Herbst
bank,Bank
beam,Strahl
bowl,Schüssel
capture,erfassen
carve,schnitzen
chose,ausgewählt
collapse,Zusammenbruch
confusion,Verwirrung
creation,Schaffung
dove,Taube
feather,Feder
girlfriend,Freundin
glory,Ruhm
government,Regierung
harsh,harsch
hop,hüpfen
inner,innere
loser,Verlierer
meal,Mahlzeit
moonlight,Mondlicht
neighbor,Nachbar
neither,weder
peach,Pfirsich
pig,Schwein
praise,Lob
screw,schrauben
shield,Schild
shimmer,schimmern
sneak,schleichen
stab,stechen
subject,Thema
Sunday,Sonntag
sweep,fegen
throughout,hindurch
thrown,geworfen
tower,Turm
twirl,drehen
woke,erwachte
wow,Wow
army,Armee
arrive,ankommen
bathroom,Badezimmer
bump,stoßen
cease,aufhören
cookie,Plätzchen
couch,Couch
courage,Mut
dim,schwach
guilt,Schuld
howl,heulen
hum,summen
husband,Ehemann
insult,Beleidigung
led,LED
lunch,Mittagessen
mock,verspotten
mostly,meistens
natural,natürlich
nearly,fast
needle,Nadel
nerd,Nerd
peaceful,friedlich
perfection,Perfektion
pile,Haufen
price,Preis
remove,entfernen
roam,durchstreifen
sanctuary,Zuflucht
serious,ernst
shiny,glänzend
shook,schüttelt
sob,Schluchzen
stolen,gestohlen
tap,klopfen
vain,vergeblich
void,Leere
warrior,Krieger
wrinkle,Falten
affection,Zuneigung
apologize,sich entschuldigen
band,Band
bind,binden
blossom,Blüte
bounce,prallen
bridge,Brücke
bye,Tschüss
cheap,billig
cliché,Klischee
crumble,zerbröckeln
decision,Entscheidung
descend,absteigen
desperately,verzweifelt
dig,graben
dot,Punkt
flaw,Mangel
flip,Flip
frighten,erschrecken
heartbeat,Herzschlag
huge,riesig
lazy,faul
lick,lecken
lower,untere
odd,seltsam
opinion,Meinung
process,Verfahren
puzzle,Puzzle
quietly,ruhig
retreat,Rückzug
rot,verrotten
score,Punktzahl
sentence,Satz
separate,separate
situation,Situation
skill,Fähigkeit
soak,einweichen
square,Quadrat
stray,streunend
taint,verderben
task,Aufgabe
they've,Sie haben
tide,Tide
underneath,darunter
veil,Schleier
whistle,Pfeife
anywhere,überall
bedroom,Schlafzimmer
bid,Gebot
bloody,blutig
boot,Stiefel
burden,Last
careful,vorsichtig
compare,vergleichen
concern,Sorge
could've,könnte
curtain,Vorhang
decay,Verfall
defeat,Verlust
describe,beschreiben
double,doppelt
dreamer,Träumer
driver,Treiber
dwell,verweilen
evening,Abend
flare,Fackel
flicker,flackern
grandma,Oma
guitar,Gitarre
harm,Schaden
hid,versteckt
horrible,schrecklich
hung,aufgehängt
hungry,hungrig
indeed,In der Tat
lace,Spitze
melody,Melodie
monkey,Affe
nation,Nation
object,Objekt
obviously,offensichtlich
pit,Grube
rainbow,Regenbogen
salt,Salz
scratch,kratzen
shown,gezeigt
shy,schüchtern
stage,Bühne
stun,betäuben
third,dritte
tickle,kitzeln
useless,nutzlos
weakness,Schwäche
worship,Verehrung
worthless,wertlos
afternoon,Nachmittag
beard,Bart
boyfriend,Freund
bubble,Blase
busy,beschäftigt
certain,bestimmt
chin,kinn
concrete,Beton
desk,Schreibtisch
diamond,Diamant
doom,Untergang
drawn,gezeichnet
due,fällig
felicity,Glückseligkeit
freeze,einfrieren
frost,Frost
garden,Garten
glide,gleiten
harmony,Harmonie
hi,Hi
hopefully,hoffentlich
hunt,Jagd
it'd,es würde
jealous,eifersüchtig
lightning,Blitz
mama,Mutter
mercy,Barmherzigkeit
peel,schälen
physical,physisch
position,Position
pulse,Impuls
punch,schlagen
quit,aufhören
rant,schimpfen
respond,antworten
salty,salzig
sane,vernünftig
satisfy,erfüllen
savior,Retter
sheep,Schaf
slept,habe geschlafen
social,Sozial
sore,wund
sport,Sport
tuck,stecken
utter,ausstatten
valley,Schlucht
wolf,Wolf
aid,Hilfe
aim,Ziel
alas,Ach
alter,ändern
America,Amerika
arrow,Pfeil
awaken,wecken
beaten,geschlagen
belief,Glauben
brand,Marke
ceiling,Decke
cheese,Käse
clue,Hinweis
confidence,Vertrauen
connection,Verbindung
daily,täglich
disguise,Verkleidung
eager,erpicht
erase,löschen
essence,Wesen
everytime,jedes Mal
expression,Ausdruck
fan,Lüfter
flag,Flagge
flirt,Flirt
foul,Foul
fur,Fell
giggle,kichern
glorious,herrlich
hers,ihres
ignorance,Ignoranz
law,Gesetz
lifeless,leblos
measure,messen
mighty,mächtig
muse,Muse
north,Norden
opposite,Gegenteil
paradise,Paradies
patience,Geduld
patient,geduldig
pencil,Bleistift
petal,Blütenblatt
plane,Flugzeug
plate,Platte
ponder,überlegen
possibly,möglicherweise
practice,üben
slice,Scheibe
slut,Schlampe
spell,Fluch
stock,Aktie
strife,Streit
strip,Streifen
struck,geschlagen
suffocate,ersticken
suit,Anzug
tender,zart
tool,Werkzeug
trade,Handel
velvet,Samt
verse,Vers
waist,Taille
witch,Hexe
worn,getragen
ah,Ah
aunt,Tante
bay,Bucht
bench,Bank
bold,deutlich
cap,Deckel
certainly,sicherlich
click,klicken
companion,Begleiter
condom,Kondom
creator,Schöpfer
dart,Pfeil
delicate,empfindlich
determine,bestimmen
dish,Gericht
dragon,Drachen
drama,Theater
drum,Trommel
dude,Alter
everybody,alle
feast,Fest
forehead,Stirn
former,ehemalig
fright,Schreck
fully,völlig
gas,Gas
gut,Darm
hook,Haken
hurl,schleudern
ill,krank
invite,einladen
juice,Saft
manage,verwalten
moral,Moral
pill,Pille
possess,besitzen
raw,roh
rebel,Rebell
royal,königlich
scale,Skala
scary,beängstigend
several,mehrere
slight,leicht
stubborn,hartnäckig
swell,anschwellen
talent,Talent
tea,Tee
terrible,schrecklich
they'd,Sie würden
thread,Faden
thy,deine
torment,quälen
trickle,Rinnsal
usually,normalerweise
vast,groß
violence,Gewalt
weave,weben
yea,Ja
acid,Säure
agony,Qual
ashamed,beschämt
awe,Scheu
belly,Bauch
blend,Mischung
blush,erröten
Catholic,katholisch
character,Charakter
cheat,schummeln
common,gemeinsam
company,Unternehmen
coward,Feigling
creak,knarren
danger,Gefahr
deadly,tötlich
defense,Verteidigung
define,definieren
depend,abhängen
desperate,verzweifelt
destination,Ziel
dew,Tau
duck,Ente
dusty,staubig
embarrass,in Verlegenheit bringen
engine,Motor
example,Beispiel
explore,erkunden
foe,Feind
freely,frei
frustrate,vereiteln
generation,Generation
glove,Handschuh
guilty,schuldig
hasn't,hat nicht
health,Gesundheit
hurry,beeil dich
idiot,Idiot
impossible,unmöglich
inhale,einatmen
jaw,Kiefer
kingdom,Königreich
mention,erwähnen
mist,Nebel
moan,jammern
mumble,murmeln
mutter,murmeln
observe,beobachten
ode,Ode
pathetic,erbärmlich
pattern,Muster
pie,Kuchen
prefer,bevorzugen
puff,Puff
rape,vergewaltigen
rare,selten
revenge,Rache
rude,unhöflich
scrape,kratzen
sip,Schluck
spiral,Spiral-
squeeze,quetschen
strain,Beanspruchung
sunset,Sonnenuntergang
suspend,aussetzen
sympathy,Sympathie
thigh,Oberschenkel
thou,du
throne,Thron
total,gesamt
unseen,ungesehen
weapon,Waffe
weary,müde